[{"model": "admin.logentry", "pk": 1, "fields": {"action_time": "2024-10-24T11:56:28.096Z", "user": 1, "content_type": 4, "object_id": "2", "object_repr": "samuel", "action_flag": 1, "change_message": "[{\"added\": {}}]"}}, {"model": "admin.logentry", "pk": 2, "fields": {"action_time": "2024-10-24T11:56:31.680Z", "user": 1, "content_type": 4, "object_id": "2", "object_repr": "samuel", "action_flag": 2, "change_message": "[]"}}, {"model": "admin.logentry", "pk": 3, "fields": {"action_time": "2024-10-24T12:24:53.418Z", "user": 1, "content_type": 11, "object_id": "1", "object_repr": "SARA PESSOA MENDES - CB PM 411/05 SARA", "action_flag": 1, "change_message": "[{\"added\": {}}]"}}, {"model": "admin.logentry", "pk": 4, "fields": {"action_time": "2024-10-24T12:25:48.619Z", "user": 1, "content_type": 7, "object_id": "1", "object_repr": "PISTOLA", "action_flag": 1, "change_message": "[{\"added\": {}}]"}}, {"model": "admin.logentry", "pk": 5, "fields": {"action_time": "2024-10-24T12:25:53.152Z", "user": 1, "content_type": 14, "object_id": "1", "object_repr": "FIAT UNO NIE4932 24HS 7,62 - Nº: AKA00731", "action_flag": 1, "change_message": "[{\"added\": {}}]"}}, {"model": "admin.logentry", "pk": 6, "fields": {"action_time": "2024-10-27T10:50:13.832Z", "user": 1, "content_type": 8, "object_id": "1", "object_repr": "REAL", "action_flag": 1, "change_message": "[{\"added\": {}}]"}}, {"model": "admin.logentry", "pk": 7, "fields": {"action_time": "2024-10-27T10:50:19.754Z", "user": 1, "content_type": 8, "object_id": "2", "object_repr": "TREINO", "action_flag": 1, "change_message": "[{\"added\": {}}]"}}, {"model": "admin.logentry", "pk": 8, "fields": {"action_time": "2024-10-27T10:50:35.999Z", "user": 1, "content_type": 7, "object_id": "2", "object_repr": "VEICULOS", "action_flag": 1, "change_message": "[{\"added\": {}}]"}}, {"model": "admin.logentry", "pk": 9, "fields": {"action_time": "2024-10-27T10:50:44.914Z", "user": 1, "content_type": 7, "object_id": "3", "object_repr": "ALGEMA", "action_flag": 1, "change_message": "[{\"added\": {}}]"}}, {"model": "admin.logentry", "pk": 10, "fields": {"action_time": "2024-10-27T10:50:50.347Z", "user": 1, "content_type": 7, "object_id": "4", "object_repr": "COMUNICAÇÃO", "action_flag": 1, "change_message": "[{\"added\": {}}]"}}, {"model": "admin.logentry", "pk": 11, "fields": {"action_time": "2024-10-27T10:51:18.117Z", "user": 1, "content_type": 7, "object_id": "5", "object_repr": "CARABINA", "action_flag": 1, "change_message": "[{\"added\": {}}]"}}, {"model": "admin.logentry", "pk": 12, "fields": {"action_time": "2024-10-27T10:51:27.447Z", "user": 1, "content_type": 7, "object_id": "6", "object_repr": "FUZIL", "action_flag": 1, "change_message": "[{\"added\": {}}]"}}, {"model": "admin.logentry", "pk": 13, "fields": {"action_time": "2024-10-27T10:51:32.556Z", "user": 1, "content_type": 7, "object_id": "7", "object_repr": "PISTOLAS", "action_flag": 1, "change_message": "[{\"added\": {}}]"}}, {"model": "admin.logentry", "pk": 14, "fields": {"action_time": "2024-10-27T10:51:40.992Z", "user": 1, "content_type": 7, "object_id": "8", "object_repr": "COLETE", "action_flag": 1, "change_message": "[{\"added\": {}}]"}}, {"model": "admin.logentry", "pk": 15, "fields": {"action_time": "2024-10-27T10:54:11.709Z", "user": 1, "content_type": 14, "object_id": "2", "object_repr": "YAMAHA LANDER XTZ250 OJA-0107   - Nº:", "action_flag": 1, "change_message": "[{\"added\": {}}]"}}, {"model": "admin.logentry", "pk": 16, "fields": {"action_time": "2024-10-27T10:55:06.508Z", "user": 1, "content_type": 14, "object_id": "3", "object_repr": "YAMAHA LANDER XTZ250 OIZ-6873   - Nº:", "action_flag": 1, "change_message": "[{\"added\": {}}]"}}, {"model": "admin.logentry", "pk": 17, "fields": {"action_time": "2024-11-02T08:28:32.754Z", "user": 1, "content_type": 11, "object_id": "2", "object_repr": "ERIVAN ALVES MENDES JUNIOR - SGT PM 543/07 MENDES", "action_flag": 1, "change_message": "[{\"added\": {}}]"}}, {"model": "admin.logentry", "pk": 18, "fields": {"action_time": "2024-11-02T08:40:52.956Z", "user": 1, "content_type": 16, "object_id": "1", "object_repr": ".40 (REAL)", "action_flag": 1, "change_message": "[{\"added\": {}}]"}}, {"model": "admin.logentry", "pk": 19, "fields": {"action_time": "2024-11-02T08:41:10.681Z", "user": 1, "content_type": 16, "object_id": "2", "object_repr": ".556 (REAL)", "action_flag": 1, "change_message": "[{\"added\": {}}]"}}, {"model": "admin.logentry", "pk": 20, "fields": {"action_time": "2024-11-02T08:41:19.038Z", "user": 1, "content_type": 16, "object_id": "3", "object_repr": ".12 (REAL)", "action_flag": 1, "change_message": "[{\"added\": {}}]"}}, {"model": "admin.logentry", "pk": 21, "fields": {"action_time": "2024-11-02T08:44:33.970Z", "user": 1, "content_type": 14, "object_id": "4", "object_repr": "S/ MARCA   ALGEMA  - Nº:", "action_flag": 1, "change_message": "[{\"added\": {}}]"}}, {"model": "admin.logentry", "pk": 22, "fields": {"action_time": "2024-11-02T08:47:03.324Z", "user": 1, "content_type": 14, "object_id": "5", "object_repr": "SEFALENE   ALGEMA  - Nº: 605", "action_flag": 1, "change_message": "[{\"added\": {}}]"}}, {"model": "admin.logentry", "pk": 23, "fields": {"action_time": "2024-11-02T08:49:09.466Z", "user": 1, "content_type": 14, "object_id": "6", "object_repr": "MOTOROLA EP450  RÁDIO HT  - Nº:", "action_flag": 1, "change_message": "[{\"added\": {}}]"}}, {"model": "admin.logentry", "pk": 24, "fields": {"action_time": "2024-11-02T08:52:00.827Z", "user": 1, "content_type": 14, "object_id": "7", "object_repr": "TAURUS PT100  PISTOLA .40 - Nº: SAY19124", "action_flag": 1, "change_message": "[{\"added\": {}}]"}}, {"model": "auth.permission", "pk": 1, "fields": {"name": "Can add log entry", "content_type": 1, "codename": "add_logentry"}}, {"model": "auth.permission", "pk": 2, "fields": {"name": "Can change log entry", "content_type": 1, "codename": "change_logentry"}}, {"model": "auth.permission", "pk": 3, "fields": {"name": "Can delete log entry", "content_type": 1, "codename": "delete_logentry"}}, {"model": "auth.permission", "pk": 4, "fields": {"name": "Can view log entry", "content_type": 1, "codename": "view_logentry"}}, {"model": "auth.permission", "pk": 5, "fields": {"name": "Can add permission", "content_type": 2, "codename": "add_permission"}}, {"model": "auth.permission", "pk": 6, "fields": {"name": "Can change permission", "content_type": 2, "codename": "change_permission"}}, {"model": "auth.permission", "pk": 7, "fields": {"name": "Can delete permission", "content_type": 2, "codename": "delete_permission"}}, {"model": "auth.permission", "pk": 8, "fields": {"name": "Can view permission", "content_type": 2, "codename": "view_permission"}}, {"model": "auth.permission", "pk": 9, "fields": {"name": "Can add group", "content_type": 3, "codename": "add_group"}}, {"model": "auth.permission", "pk": 10, "fields": {"name": "Can change group", "content_type": 3, "codename": "change_group"}}, {"model": "auth.permission", "pk": 11, "fields": {"name": "Can delete group", "content_type": 3, "codename": "delete_group"}}, {"model": "auth.permission", "pk": 12, "fields": {"name": "Can view group", "content_type": 3, "codename": "view_group"}}, {"model": "auth.permission", "pk": 13, "fields": {"name": "Can add user", "content_type": 4, "codename": "add_user"}}, {"model": "auth.permission", "pk": 14, "fields": {"name": "Can change user", "content_type": 4, "codename": "change_user"}}, {"model": "auth.permission", "pk": 15, "fields": {"name": "Can delete user", "content_type": 4, "codename": "delete_user"}}, {"model": "auth.permission", "pk": 16, "fields": {"name": "Can view user", "content_type": 4, "codename": "view_user"}}, {"model": "auth.permission", "pk": 17, "fields": {"name": "Can add content type", "content_type": 5, "codename": "add_contenttype"}}, {"model": "auth.permission", "pk": 18, "fields": {"name": "Can change content type", "content_type": 5, "codename": "change_contenttype"}}, {"model": "auth.permission", "pk": 19, "fields": {"name": "Can delete content type", "content_type": 5, "codename": "delete_contenttype"}}, {"model": "auth.permission", "pk": 20, "fields": {"name": "Can view content type", "content_type": 5, "codename": "view_contenttype"}}, {"model": "auth.permission", "pk": 21, "fields": {"name": "Can add session", "content_type": 6, "codename": "add_session"}}, {"model": "auth.permission", "pk": 22, "fields": {"name": "Can change session", "content_type": 6, "codename": "change_session"}}, {"model": "auth.permission", "pk": 23, "fields": {"name": "Can delete session", "content_type": 6, "codename": "delete_session"}}, {"model": "auth.permission", "pk": 24, "fields": {"name": "Can view session", "content_type": 6, "codename": "view_session"}}, {"model": "auth.permission", "pk": 25, "fields": {"name": "Can add categoria", "content_type": 7, "codename": "add_categoria"}}, {"model": "auth.permission", "pk": 26, "fields": {"name": "Can change categoria", "content_type": 7, "codename": "change_categoria"}}, {"model": "auth.permission", "pk": 27, "fields": {"name": "Can delete categoria", "content_type": 7, "codename": "delete_categoria"}}, {"model": "auth.permission", "pk": 28, "fields": {"name": "Can view categoria", "content_type": 7, "codename": "view_categoria"}}, {"model": "auth.permission", "pk": 29, "fields": {"name": "Can add categoria municao", "content_type": 8, "codename": "add_categoriamunicao"}}, {"model": "auth.permission", "pk": 30, "fields": {"name": "Can change categoria municao", "content_type": 8, "codename": "change_categoriamunicao"}}, {"model": "auth.permission", "pk": 31, "fields": {"name": "Can delete categoria municao", "content_type": 8, "codename": "delete_categoriamunicao"}}, {"model": "auth.permission", "pk": 32, "fields": {"name": "Can view categoria municao", "content_type": 8, "codename": "view_categoriamunicao"}}, {"model": "auth.permission", "pk": 33, "fields": {"name": "Can add descautelas ca", "content_type": 9, "codename": "add_descautelasca"}}, {"model": "auth.permission", "pk": 34, "fields": {"name": "Can change descautelas ca", "content_type": 9, "codename": "change_descautelasca"}}, {"model": "auth.permission", "pk": 35, "fields": {"name": "Can delete descautelas ca", "content_type": 9, "codename": "delete_descautelasca"}}, {"model": "auth.permission", "pk": 36, "fields": {"name": "Can view descautelas ca", "content_type": 9, "codename": "view_descautelasca"}}, {"model": "auth.permission", "pk": 37, "fields": {"name": "Can add passagem de servico", "content_type": 10, "codename": "add_passagemdeservico"}}, {"model": "auth.permission", "pk": 38, "fields": {"name": "Can change passagem de servico", "content_type": 10, "codename": "change_passagemdeservico"}}, {"model": "auth.permission", "pk": 39, "fields": {"name": "Can delete passagem de servico", "content_type": 10, "codename": "delete_passagemdeservico"}}, {"model": "auth.permission", "pk": 40, "fields": {"name": "Can view passagem de servico", "content_type": 10, "codename": "view_passagemdeservico"}}, {"model": "auth.permission", "pk": 41, "fields": {"name": "Can add policial", "content_type": 11, "codename": "add_policial"}}, {"model": "auth.permission", "pk": 42, "fields": {"name": "Can change policial", "content_type": 11, "codename": "change_policial"}}, {"model": "auth.permission", "pk": 43, "fields": {"name": "Can delete policial", "content_type": 11, "codename": "delete_policial"}}, {"model": "auth.permission", "pk": 44, "fields": {"name": "Can view policial", "content_type": 11, "codename": "view_policial"}}, {"model": "auth.permission", "pk": 45, "fields": {"name": "Can add registro cautela completa", "content_type": 12, "codename": "add_registrocautelacompleta"}}, {"model": "auth.permission", "pk": 46, "fields": {"name": "Can change registro cautela completa", "content_type": 12, "codename": "change_registrocautelacompleta"}}, {"model": "auth.permission", "pk": 47, "fields": {"name": "Can delete registro cautela completa", "content_type": 12, "codename": "delete_registrocautelacompleta"}}, {"model": "auth.permission", "pk": 48, "fields": {"name": "Can view registro cautela completa", "content_type": 12, "codename": "view_registrocautelacompleta"}}, {"model": "auth.permission", "pk": 49, "fields": {"name": "Can add registro descautelamento", "content_type": 13, "codename": "add_registrodescautelamento"}}, {"model": "auth.permission", "pk": 50, "fields": {"name": "Can change registro descautelamento", "content_type": 13, "codename": "change_registrodescautelamento"}}, {"model": "auth.permission", "pk": 51, "fields": {"name": "Can delete registro descautelamento", "content_type": 13, "codename": "delete_registrodescautelamento"}}, {"model": "auth.permission", "pk": 52, "fields": {"name": "Can view registro descautelamento", "content_type": 13, "codename": "view_registrodescautelamento"}}, {"model": "auth.permission", "pk": 53, "fields": {"name": "Can add subcategoria", "content_type": 14, "codename": "add_subcategoria"}}, {"model": "auth.permission", "pk": 54, "fields": {"name": "Can change subcategoria", "content_type": 14, "codename": "change_subcategoria"}}, {"model": "auth.permission", "pk": 55, "fields": {"name": "Can delete subcategoria", "content_type": 14, "codename": "delete_subcategoria"}}, {"model": "auth.permission", "pk": 56, "fields": {"name": "Can view subcategoria", "content_type": 14, "codename": "view_subcategoria"}}, {"model": "auth.permission", "pk": 57, "fields": {"name": "Can add cautela de armamento", "content_type": 15, "codename": "add_cauteladearmamento"}}, {"model": "auth.permission", "pk": 58, "fields": {"name": "Can change cautela de armamento", "content_type": 15, "codename": "change_cauteladearmamento"}}, {"model": "auth.permission", "pk": 59, "fields": {"name": "Can delete cautela de armamento", "content_type": 15, "codename": "delete_cauteladearmamento"}}, {"model": "auth.permission", "pk": 60, "fields": {"name": "Can view cautela de armamento", "content_type": 15, "codename": "view_cauteladearmamento"}}, {"model": "auth.permission", "pk": 61, "fields": {"name": "Can add subcategoria municao", "content_type": 16, "codename": "add_subcategoriamunicao"}}, {"model": "auth.permission", "pk": 62, "fields": {"name": "Can change subcategoria municao", "content_type": 16, "codename": "change_subcategoriamunicao"}}, {"model": "auth.permission", "pk": 63, "fields": {"name": "Can delete subcategoria municao", "content_type": 16, "codename": "delete_subcategoriamunicao"}}, {"model": "auth.permission", "pk": 64, "fields": {"name": "Can view subcategoria municao", "content_type": 16, "codename": "view_subcategoriamunicao"}}, {"model": "auth.permission", "pk": 65, "fields": {"name": "Can add cautela de municoes", "content_type": 17, "codename": "add_cautelademunicoes"}}, {"model": "auth.permission", "pk": 66, "fields": {"name": "Can change cautela de municoes", "content_type": 17, "codename": "change_cautelademunicoes"}}, {"model": "auth.permission", "pk": 67, "fields": {"name": "Can delete cautela de municoes", "content_type": 17, "codename": "delete_cautelademunicoes"}}, {"model": "auth.permission", "pk": 68, "fields": {"name": "Can view cautela de municoes", "content_type": 17, "codename": "view_cautelademunicoes"}}, {"model": "auth.user", "pk": 1, "fields": {"password": "pbkdf2_sha256$870000$DmwxRsiMYExyPRxthgzL3Q$CK/fnCzKG0I5IGJj8IGf/92XnvGYTdz6uvJxBzHXtYM=", "last_login": "2024-11-19T13:02:47.007Z", "is_superuser": true, "username": "mendes", "first_name": "", "last_name": "", "email": "", "is_staff": true, "is_active": true, "date_joined": "2024-10-24T11:55:05.756Z", "groups": [], "user_permissions": []}}, {"model": "auth.user", "pk": 2, "fields": {"password": "pbkdf2_sha256$870000$4zSiGctyDozQeGFUAV4QEq$2a7/zsO9bWkLVnmphLabh1cwSDu3RH8PRB0f1uDT5c8=", "last_login": "2024-10-25T11:22:59.416Z", "is_superuser": false, "username": "samuel", "first_name": "", "last_name": "", "email": "", "is_staff": false, "is_active": true, "date_joined": "2024-10-24T11:56:26Z", "groups": [], "user_permissions": []}}, {"model": "contenttypes.contenttype", "pk": 1, "fields": {"app_label": "admin", "model": "logentry"}}, {"model": "contenttypes.contenttype", "pk": 2, "fields": {"app_label": "auth", "model": "permission"}}, {"model": "contenttypes.contenttype", "pk": 3, "fields": {"app_label": "auth", "model": "group"}}, {"model": "contenttypes.contenttype", "pk": 4, "fields": {"app_label": "auth", "model": "user"}}, {"model": "contenttypes.contenttype", "pk": 5, "fields": {"app_label": "contenttypes", "model": "contenttype"}}, {"model": "contenttypes.contenttype", "pk": 6, "fields": {"app_label": "sessions", "model": "session"}}, {"model": "contenttypes.contenttype", "pk": 7, "fields": {"app_label": "cautelaarmamento", "model": "categoria"}}, {"model": "contenttypes.contenttype", "pk": 8, "fields": {"app_label": "cautelaarmamento", "model": "categoriamunicao"}}, {"model": "contenttypes.contenttype", "pk": 9, "fields": {"app_label": "cautelaarmamento", "model": "descautelasca"}}, {"model": "contenttypes.contenttype", "pk": 10, "fields": {"app_label": "cautelaarmamento", "model": "passagemdeservico"}}, {"model": "contenttypes.contenttype", "pk": 11, "fields": {"app_label": "cautelaarmamento", "model": "policial"}}, {"model": "contenttypes.contenttype", "pk": 12, "fields": {"app_label": "cautelaarmamento", "model": "registrocautelacompleta"}}, {"model": "contenttypes.contenttype", "pk": 13, "fields": {"app_label": "cautelaarmamento", "model": "registrodescautelamento"}}, {"model": "contenttypes.contenttype", "pk": 14, "fields": {"app_label": "cautelaarmamento", "model": "subcategoria"}}, {"model": "contenttypes.contenttype", "pk": 15, "fields": {"app_label": "cautelaarmamento", "model": "cauteladearmamento"}}, {"model": "contenttypes.contenttype", "pk": 16, "fields": {"app_label": "cautelaarmamento", "model": "subcategoriamunicao"}}, {"model": "contenttypes.contenttype", "pk": 17, "fields": {"app_label": "cautelaarmamento", "model": "cautelademunicoes"}}, {"model": "sessions.session", "pk": "1kjg5916g6mwjlf6ll38ccqjkbvgbovu", "fields": {"session_data": ".eJxVjDsOwyAQBe9CHSGz_FOm9xnQLuDgJALJ2FWUu0dILpL2zcx7s4DHXsLR8xbWxK5MsMvvRhifuQ6QHljvjcdW920lPhR-0s7nlvLrdrp_BwV7GXUUzltFUiKZZCyYLKP2MoFG6y0BLVkp6z0KWCIm58UEILTMNDlLyD5f3Jg3pg:1t4IQz:HWUEL9Gh7ciUht2Qk5q_tMKSqNxDj-skc3OJO8XidFk", "expire_date": "2024-11-08T11:24:49.824Z"}}, {"model": "sessions.session", "pk": "8eukkwsy72ly817nqd7lhcrptt9la15e", "fields": {"session_data": ".eJxVjDsOwyAQBe9CHSGz_FOm9xnQLuDgJALJ2FWUu0dILpL2zcx7s4DHXsLR8xbWxK5MsMvvRhifuQ6QHljvjcdW920lPhR-0s7nlvLrdrp_BwV7GXUUzltFUiKZZCyYLKP2MoFG6y0BLVkp6z0KWCIm58UEILTMNDlLyD5f3Jg3pg:1tBCYx:7lOUSMIKVKbJ7HxOro2Ayjamp71s9vE8oer16eWEW5A", "expire_date": "2024-11-27T12:33:35.707Z"}}, {"model": "sessions.session", "pk": "n8d7r79zn49or5pqlsxajgwdo7g5k8ww", "fields": {"session_data": ".eJxVjDsOwyAQBe9CHSGz_FOm9xnQLuDgJALJ2FWUu0dILpL2zcx7s4DHXsLR8xbWxK5MsMvvRhifuQ6QHljvjcdW920lPhR-0s7nlvLrdrp_BwV7GXUUzltFUiKZZCyYLKP2MoFG6y0BLVkp6z0KWCIm58UEILTMNDlLyD5f3Jg3pg:1t3wsF:sNH3gSdHTIql76jPMOEsvItytYvTG3Ph9o3WGHA-ZUs", "expire_date": "2024-11-07T12:23:31.796Z"}}, {"model": "sessions.session", "pk": "nnj5yb3jqxv3utpmrd0lnblwlm56hb9s", "fields": {"session_data": ".eJxVjEEOwiAQRe_C2hBmgAAu3XsGMgxUqgaS0q6Md9cmXej2v_f-S0Ta1hq3UZY4Z3EWKE6_WyJ-lLaDfKd265J7W5c5yV2RBx3y2nN5Xg7376DSqN86KEUOgbloREtqcgTaG2c8YgJAN9mgki_W6xCcNiob8Al8DoqtMyzeH61UNk4:1t3zUY:-rz6snx9bthutna8Meb1jjfPpoxiEOgDzg5T83lGE_U", "expire_date": "2024-11-07T15:11:14.912Z"}}, {"model": "sessions.session", "pk": "rs4g3wi47p4yk9pda3pgeftrw72a0ehl", "fields": {"session_data": ".eJxVjDsOwyAQBe9CHSGz_FOm9xnQLuDgJALJ2FWUu0dILpL2zcx7s4DHXsLR8xbWxK5MsMvvRhifuQ6QHljvjcdW920lPhR-0s7nlvLrdrp_BwV7GXUUzltFUiKZZCyYLKP2MoFG6y0BLVkp6z0KWCIm58UEILTMNDlLyD5f3Jg3pg:1tDNsV:ya6QLtQAm4Ovuq9Bcl71BvmJDytfZhuVbHC078h-fPs", "expire_date": "2024-12-03T13:02:47.029Z"}}, {"model": "sessions.session", "pk": "wgwjtxxlbv139hmtr072od7648tx5ejj", "fields": {"session_data": ".eJxVjDsOwyAQBe9CHSGz_FOm9xnQLuDgJALJ2FWUu0dILpL2zcx7s4DHXsLR8xbWxK5MsMvvRhifuQ6QHljvjcdW920lPhR-0s7nlvLrdrp_BwV7GXUUzltFUiKZZCyYLKP2MoFG6y0BLVkp6z0KWCIm58UEILTMNDlLyD5f3Jg3pg:1tAb1d:2pDm9Fvxx06bnYrDzBfOBYNdhoWTilg0r5SA0bsLCHY", "expire_date": "2024-11-25T20:28:41.510Z"}}, {"model": "cautelaarmamento.policial", "pk": 1, "fields": {"nome_completo": "SARA PESSOA MENDES", "nome_guerra": "CB PM 411/05 SARA", "posto_graduacao": "CABO", "matricula": "164579", "rgpm": "142587", "lotacao": "11º BPM", "data_nascimento": "1986-07-15", "cpf": "972.116.200-05"}}, {"model": "cautelaarmamento.policial", "pk": 2, "fields": {"nome_completo": "ERIVAN ALVES MENDES JUNIOR", "nome_guerra": "SGT PM 543/07 MENDES", "posto_graduacao": "SARGENTO", "matricula": "1695048", "rgpm": "105471", "lotacao": "4ª CIA / 11º BPM", "data_nascimento": "1981-05-24", "cpf": "65380088368"}}, {"model": "cautelaarmamento.categoria", "pk": 1, "fields": {"nome": "PISTOLA"}}, {"model": "cautelaarmamento.categoria", "pk": 2, "fields": {"nome": "VEICULOS"}}, {"model": "cautelaarmamento.categoria", "pk": 3, "fields": {"nome": "ALGEMA"}}, {"model": "cautelaarmamento.categoria", "pk": 4, "fields": {"nome": "COMUNICAÇÃO"}}, {"model": "cautelaarmamento.categoria", "pk": 5, "fields": {"nome": "CARABINA"}}, {"model": "cautelaarmamento.categoria", "pk": 6, "fields": {"nome": "FUZIL"}}, {"model": "cautelaarmamento.categoria", "pk": 7, "fields": {"nome": "PISTOLAS"}}, {"model": "cautelaarmamento.categoria", "pk": 8, "fields": {"nome": "COLETE"}}, {"model": "cautelaarmamento.subcategoria", "pk": 1, "fields": {"marca": "FIAT", "modelo": "UNO", "placa": "NIE4932", "chassi": "9BG148DKOMC408635", "ano": 2000, "procedencia": "ADQUIRIDA", "fornecedor": "CSM/DAL", "aparencia_visual": "", "estado_conservacao": "BOM", "cor": "BRANCA", "tamanho": null, "localizacao": "RESERVA-SEDE", "destinacao": "OPERACIONAL", "situacao": "disponivel", "tipo": "24HS", "cal": "7,62", "ct": null, "num_arma": "AKA00731", "num_pmma": "S/T", "tombo": null, "gr": null, "data_vencimento": null, "observacao": "", "categoria": 1, "inserido_por": null, "descricao_completa": "FIAT UNO NIE4932 24HS 7,62 - Nº: AKA00731"}}, {"model": "cautelaarmamento.subcategoria", "pk": 2, "fields": {"marca": "YAMAHA", "modelo": "LANDER XTZ250", "placa": "OJA-0107", "chassi": "9C6KG0210D0057646", "ano": 2013, "procedencia": "ADQUIRIDA", "fornecedor": "SESP", "aparencia_visual": "CARACTERIZADA", "estado_conservacao": null, "cor": null, "tamanho": null, "localizacao": "MATÕES", "destinacao": "OPERACIONAL", "situacao": "disponivel", "tipo": null, "cal": null, "ct": null, "num_arma": null, "num_pmma": null, "tombo": null, "gr": null, "data_vencimento": null, "observacao": "", "categoria": 2, "inserido_por": null, "descricao_completa": "YAMAHA LANDER XTZ250 OJA-0107   - Nº:"}}, {"model": "cautelaarmamento.subcategoria", "pk": 3, "fields": {"marca": "YAMAHA", "modelo": "LANDER XTZ250", "placa": "OIZ-6873", "chassi": "9C6KG0210D0057644", "ano": 2013, "procedencia": "ADQUIRIDA", "fornecedor": "SESP", "aparencia_visual": "CARACTERIZADA", "estado_conservacao": null, "cor": null, "tamanho": null, "localizacao": null, "destinacao": "OPERACIONAL", "situacao": "disponivel", "tipo": null, "cal": null, "ct": null, "num_arma": null, "num_pmma": null, "tombo": null, "gr": null, "data_vencimento": null, "observacao": "", "categoria": 2, "inserido_por": null, "descricao_completa": "YAMAHA LANDER XTZ250 OIZ-6873   - Nº:"}}, {"model": "cautelaarmamento.subcategoria", "pk": 4, "fields": {"marca": "S/ MARCA", "modelo": null, "placa": null, "chassi": null, "ano": null, "procedencia": "DAL/2", "fornecedor": null, "aparencia_visual": "", "estado_conservacao": "BOM", "cor": null, "tamanho": null, "localizacao": "4ª CIA", "destinacao": null, "situacao": "disponivel", "tipo": "ALGEMA", "cal": null, "ct": null, "num_arma": null, "num_pmma": null, "tombo": "23357", "gr": "GR 083/03", "data_vencimento": null, "observacao": "", "categoria": 3, "inserido_por": null, "descricao_completa": "S/ MARCA   ALGEMA  - Nº:"}}, {"model": "cautelaarmamento.subcategoria", "pk": 5, "fields": {"marca": "SEFALENE", "modelo": null, "placa": null, "chassi": null, "ano": null, "procedencia": "DAL/2", "fornecedor": null, "aparencia_visual": "", "estado_conservacao": "BOM", "cor": null, "tamanho": null, "localizacao": "4ª CIA", "destinacao": null, "situacao": "disponivel", "tipo": "ALGEMA", "cal": null, "ct": null, "num_arma": "605", "num_pmma": null, "tombo": "21374", "gr": "GR 107/06", "data_vencimento": null, "observacao": "", "categoria": 3, "inserido_por": null, "descricao_completa": "SEFALENE   ALGEMA  - Nº: 605"}}, {"model": "cautelaarmamento.subcategoria", "pk": 6, "fields": {"marca": "MOTOROLA", "modelo": "EP450", "placa": null, "chassi": null, "ano": null, "procedencia": null, "fornecedor": null, "aparencia_visual": "", "estado_conservacao": null, "cor": null, "tamanho": null, "localizacao": null, "destinacao": null, "situacao": "disponivel", "tipo": "RÁDIO HT", "cal": null, "ct": null, "num_arma": null, "num_pmma": null, "tombo": null, "gr": null, "data_vencimento": null, "observacao": "", "categoria": 4, "inserido_por": null, "descricao_completa": "MOTOROLA EP450  RÁDIO HT  - Nº:"}}, {"model": "cautelaarmamento.subcategoria", "pk": 7, "fields": {"marca": "TAURUS", "modelo": "PT100", "placa": null, "chassi": null, "ano": null, "procedencia": "PMMA", "fornecedor": null, "aparencia_visual": "COM 03 CARREGADORES C/Nº DA PT 100", "estado_conservacao": "BOM", "cor": null, "tamanho": null, "localizacao": "4ª CIA", "destinacao": null, "situacao": "roubado", "tipo": "PISTOLA", "cal": ".40", "ct": "12", "num_arma": "SAY19124", "num_pmma": "S/T", "tombo": "38337", "gr": "GR223/2012", "data_vencimento": null, "observacao": "", "categoria": 1, "inserido_por": null, "descricao_completa": "TAURUS PT100  PISTOLA .40 - Nº: SAY19124"}}, {"model": "cautelaarmamento.categoriamunicao", "pk": 1, "fields": {"nome": "REAL"}}, {"model": "cautelaarmamento.categoriamunicao", "pk": 2, "fields": {"nome": "TREINO"}}, {"model": "cautelaarmamento.subcategoriamunicao", "pk": 1, "fields": {"nome": ".40", "categoria": 1, "total_de_municoes": 990}}, {"model": "cautelaarmamento.subcategoriamunicao", "pk": 2, "fields": {"nome": ".556", "categoria": 1, "total_de_municoes": 500}}, {"model": "cautelaarmamento.subcategoriamunicao", "pk": 3, "fields": {"nome": ".12", "categoria": 1, "total_de_municoes": 50}}, {"model": "cautelaarmamento.cauteladearmamento", "pk": 1, "fields": {"policial": 1, "tipo_servico": "operacional", "categoria": 1, "subcategoria": 1, "hora_cautela": "2024-10-24T12:26:34.588Z", "confirmado": false, "confirmado_em": null, "armeiro": 1}}, {"model": "cautelaarmamento.cauteladearmamento", "pk": 2, "fields": {"policial": 1, "tipo_servico": "administrativo", "categoria": 1, "subcategoria": 1, "hora_cautela": "2024-10-24T12:28:14.540Z", "confirmado": false, "confirmado_em": null, "armeiro": 1}}, {"model": "cautelaarmamento.cauteladearmamento", "pk": 3, "fields": {"policial": 1, "tipo_servico": "operacional", "categoria": 1, "subcategoria": 1, "hora_cautela": "2024-10-24T13:12:07.951Z", "confirmado": false, "confirmado_em": null, "armeiro": 1}}, {"model": "cautelaarmamento.cauteladearmamento", "pk": 4, "fields": {"policial": 1, "tipo_servico": "operacional", "categoria": 1, "subcategoria": 1, "hora_cautela": "2024-10-24T13:33:09.600Z", "confirmado": false, "confirmado_em": null, "armeiro": 1}}, {"model": "cautelaarmamento.cauteladearmamento", "pk": 5, "fields": {"policial": 1, "tipo_servico": "operacional", "categoria": 1, "subcategoria": 1, "hora_cautela": "2024-10-24T14:02:14.525Z", "confirmado": false, "confirmado_em": null, "armeiro": 1}}, {"model": "cautelaarmamento.cauteladearmamento", "pk": 6, "fields": {"policial": 1, "tipo_servico": "administrativo", "categoria": 1, "subcategoria": 1, "hora_cautela": "2024-10-24T15:11:25.156Z", "confirmado": false, "confirmado_em": null, "armeiro": 2}}, {"model": "cautelaarmamento.cauteladearmamento", "pk": 7, "fields": {"policial": 1, "tipo_servico": "administrativo", "categoria": 1, "subcategoria": 1, "hora_cautela": "2024-10-24T15:11:26.924Z", "confirmado": false, "confirmado_em": null, "armeiro": 2}}, {"model": "cautelaarmamento.cauteladearmamento", "pk": 8, "fields": {"policial": 1, "tipo_servico": "operacional", "categoria": 1, "subcategoria": 1, "hora_cautela": "2024-10-24T15:15:57.777Z", "confirmado": false, "confirmado_em": null, "armeiro": 2}}, {"model": "cautelaarmamento.cauteladearmamento", "pk": 9, "fields": {"policial": 1, "tipo_servico": "operacional", "categoria": 1, "subcategoria": 1, "hora_cautela": "2024-10-24T15:16:03.035Z", "confirmado": false, "confirmado_em": null, "armeiro": 2}}, {"model": "cautelaarmamento.cauteladearmamento", "pk": 10, "fields": {"policial": 1, "tipo_servico": "operacional", "categoria": 1, "subcategoria": 1, "hora_cautela": "2024-10-24T15:16:09.045Z", "confirmado": false, "confirmado_em": null, "armeiro": 2}}, {"model": "cautelaarmamento.cauteladearmamento", "pk": 11, "fields": {"policial": 1, "tipo_servico": "operacional", "categoria": 1, "subcategoria": 1, "hora_cautela": "2024-10-25T13:09:42.707Z", "confirmado": false, "confirmado_em": null, "armeiro": 1}}, {"model": "cautelaarmamento.cauteladearmamento", "pk": 12, "fields": {"policial": 2, "tipo_servico": "operacional", "categoria": 1, "subcategoria": 7, "hora_cautela": "2024-11-02T08:52:35.411Z", "confirmado": false, "confirmado_em": null, "armeiro": 1}}, {"model": "cautelaarmamento.cauteladearmamento", "pk": 13, "fields": {"policial": 2, "tipo_servico": "administrativo", "categoria": 3, "subcategoria": 5, "hora_cautela": "2024-11-02T09:30:26.193Z", "confirmado": false, "confirmado_em": null, "armeiro": 1}}, {"model": "cautelaarmamento.cautelademunicoes", "pk": 1, "fields": {"policial": 2, "categoria": 1, "subcategoria": 1, "quantidade": 50, "armeiro": null, "data_descautelamento": "2024-11-02T09:56:31.174Z"}}, {"model": "cautelaarmamento.cautelademunicoes", "pk": 2, "fields": {"policial": 2, "categoria": 1, "subcategoria": 1, "quantidade": 50, "armeiro": null, "data_descautelamento": "2024-11-02T09:56:31.174Z"}}, {"model": "cautelaarmamento.cautelademunicoes", "pk": 3, "fields": {"policial": 2, "categoria": 1, "subcategoria": 1, "quantidade": 990, "armeiro": null, "data_descautelamento": "2024-11-02T11:42:30.171Z"}}, {"model": "cautelaarmamento.cautelademunicoes", "pk": 4, "fields": {"policial": 2, "categoria": 1, "subcategoria": 1, "quantidade": 50, "armeiro": null, "data_descautelamento": "2024-11-02T11:44:37.642Z"}}, {"model": "cautelaarmamento.cautelademunicoes", "pk": 5, "fields": {"policial": 2, "categoria": 1, "subcategoria": 1, "quantidade": 50, "armeiro": 1, "data_descautelamento": "2024-11-02T11:50:29.048Z"}}, {"model": "cautelaarmamento.registrodescautelamento", "pk": 1, "fields": {"data_hora_cautela": "2024-10-24T12:28:03.952Z", "policial": 1, "tipo_servico": "operacional", "categoria_armamento": "PISTOLA", "subcategoria_armamento": "FIAT UNO NIE4932 24HS 7,62 - Nº: AKA00731", "categoria_municao": null, "subcategoria_municao": null, "quantidade_municao": 0, "situacao_armamento": "disponível", "observacao": "Descautela de armamento realizada automaticamente.", "armeiro": 1, "armeiro_descautela": null, "data_descautelamento": "2024-10-24", "hora_descautelamento": "09:28:03.981"}}, {"model": "cautelaarmamento.registrodescautelamento", "pk": 2, "fields": {"data_hora_cautela": "2024-10-24T13:12:19.806Z", "policial": 1, "tipo_servico": "operacional", "categoria_armamento": "PISTOLA", "subcategoria_armamento": "FIAT UNO NIE4932 24HS 7,62 - Nº: AKA00731", "categoria_municao": null, "subcategoria_municao": null, "quantidade_municao": 0, "situacao_armamento": "disponível", "observacao": "Descautela de armamento realizada automaticamente.", "armeiro": 1, "armeiro_descautela": null, "data_descautelamento": "2024-10-24", "hora_descautelamento": "10:12:19.841"}}, {"model": "cautelaarmamento.registrodescautelamento", "pk": 3, "fields": {"data_hora_cautela": "2024-10-24T13:33:40.927Z", "policial": 1, "tipo_servico": "operacional", "categoria_armamento": "PISTOLA", "subcategoria_armamento": "FIAT UNO NIE4932 24HS 7,62 - Nº: AKA00731", "categoria_municao": null, "subcategoria_municao": null, "quantidade_municao": 0, "situacao_armamento": "disponível", "observacao": "Descautela de armamento realizada automaticamente.", "armeiro": 1, "armeiro_descautela": null, "data_descautelamento": "2024-10-24", "hora_descautelamento": "10:33:40.960"}}, {"model": "cautelaarmamento.registrodescautelamento", "pk": 4, "fields": {"data_hora_cautela": "2024-10-24T15:10:52.227Z", "policial": 1, "tipo_servico": "operacional", "categoria_armamento": "PISTOLA", "subcategoria_armamento": "FIAT UNO NIE4932 24HS 7,62 - Nº: AKA00731", "categoria_municao": null, "subcategoria_municao": null, "quantidade_municao": 0, "situacao_armamento": "disponível", "observacao": "Descautela de armamento realizada automaticamente.", "armeiro": 1, "armeiro_descautela": null, "data_descautelamento": "2024-10-24", "hora_descautelamento": "12:10:52.258"}}, {"model": "cautelaarmamento.registrodescautelamento", "pk": 5, "fields": {"data_hora_cautela": "2024-10-24T15:11:51.945Z", "policial": 1, "tipo_servico": "administrativo", "categoria_armamento": "PISTOLA", "subcategoria_armamento": "FIAT UNO NIE4932 24HS 7,62 - Nº: AKA00731", "categoria_municao": null, "subcategoria_municao": null, "quantidade_municao": 0, "situacao_armamento": "disponível", "observacao": "Descautela de armamento realizada automaticamente.", "armeiro": 2, "armeiro_descautela": null, "data_descautelamento": "2024-10-24", "hora_descautelamento": "12:11:51.973"}}, {"model": "cautelaarmamento.registrodescautelamento", "pk": 6, "fields": {"data_hora_cautela": "2024-10-24T15:11:54.560Z", "policial": 1, "tipo_servico": "administrativo", "categoria_armamento": "PISTOLA", "subcategoria_armamento": "FIAT UNO NIE4932 24HS 7,62 - Nº: AKA00731", "categoria_municao": null, "subcategoria_municao": null, "quantidade_municao": 0, "situacao_armamento": "disponível", "observacao": "Descautela de armamento realizada automaticamente.", "armeiro": 2, "armeiro_descautela": null, "data_descautelamento": "2024-10-24", "hora_descautelamento": "12:11:54.592"}}, {"model": "cautelaarmamento.registrodescautelamento", "pk": 7, "fields": {"data_hora_cautela": "2024-10-24T15:29:40.777Z", "policial": 1, "tipo_servico": "operacional", "categoria_armamento": "PISTOLA", "subcategoria_armamento": "FIAT UNO NIE4932 24HS 7,62 - Nº: AKA00731", "categoria_municao": null, "subcategoria_municao": null, "quantidade_municao": 0, "situacao_armamento": "disponível", "observacao": "Descautela de armamento realizada automaticamente.", "armeiro": 2, "armeiro_descautela": null, "data_descautelamento": "2024-10-24", "hora_descautelamento": "12:29:40.808"}}, {"model": "cautelaarmamento.registrodescautelamento", "pk": 8, "fields": {"data_hora_cautela": "2024-10-24T15:29:43.690Z", "policial": 1, "tipo_servico": "operacional", "categoria_armamento": "PISTOLA", "subcategoria_armamento": "FIAT UNO NIE4932 24HS 7,62 - Nº: AKA00731", "categoria_municao": null, "subcategoria_municao": null, "quantidade_municao": 0, "situacao_armamento": "disponível", "observacao": "Descautela de armamento realizada automaticamente.", "armeiro": 2, "armeiro_descautela": null, "data_descautelamento": "2024-10-24", "hora_descautelamento": "12:29:43.719"}}, {"model": "cautelaarmamento.registrodescautelamento", "pk": 9, "fields": {"data_hora_cautela": "2024-10-24T15:29:45.935Z", "policial": 1, "tipo_servico": "operacional", "categoria_armamento": "PISTOLA", "subcategoria_armamento": "FIAT UNO NIE4932 24HS 7,62 - Nº: AKA00731", "categoria_municao": null, "subcategoria_municao": null, "quantidade_municao": 0, "situacao_armamento": "disponível", "observacao": "Descautela de armamento realizada automaticamente.", "armeiro": 2, "armeiro_descautela": null, "data_descautelamento": "2024-10-24", "hora_descautelamento": "12:29:45.964"}}, {"model": "cautelaarmamento.registrodescautelamento", "pk": 10, "fields": {"data_hora_cautela": "2024-10-25T13:10:02.007Z", "policial": 1, "tipo_servico": "operacional", "categoria_armamento": "PISTOLA", "subcategoria_armamento": "FIAT UNO NIE4932 24HS 7,62 - Nº: AKA00731", "categoria_municao": null, "subcategoria_municao": null, "quantidade_municao": 0, "situacao_armamento": "disponível", "observacao": "Descautela de armamento realizada automaticamente.", "armeiro": 1, "armeiro_descautela": null, "data_descautelamento": "2024-10-25", "hora_descautelamento": "10:10:02.059"}}, {"model": "cautelaarmamento.registrodescautelamento", "pk": 11, "fields": {"data_hora_cautela": "2024-11-02T09:30:55.272Z", "policial": 2, "tipo_servico": "administrativo", "categoria_armamento": "ALGEMA", "subcategoria_armamento": "SEFALENE   ALGEMA  - Nº: 605", "categoria_municao": null, "subcategoria_municao": null, "quantidade_municao": 0, "situacao_armamento": "disponível", "observacao": "Descautela de armamento realizada automaticamente.", "armeiro": 1, "armeiro_descautela": null, "data_descautelamento": "2024-11-02", "hora_descautelamento": "06:30:55.305"}}, {"model": "cautelaarmamento.registrodescautelamento", "pk": 12, "fields": {"data_hora_cautela": "2024-11-02T09:30:58.992Z", "policial": 2, "tipo_servico": "administrativo", "categoria_armamento": null, "subcategoria_armamento": null, "categoria_municao": "REAL", "subcategoria_municao": ".40", "quantidade_municao": 50, "situacao_armamento": "N/A", "observacao": "Descautela de munição realizada automaticamente.", "armeiro": 1, "armeiro_descautela": null, "data_descautelamento": "2024-11-02", "hora_descautelamento": "06:30:59.020"}}, {"model": "cautelaarmamento.registrodescautelamento", "pk": 13, "fields": {"data_hora_cautela": "2024-11-02T11:42:50.693Z", "policial": 2, "tipo_servico": "administrativo", "categoria_armamento": null, "subcategoria_armamento": null, "categoria_municao": "REAL", "subcategoria_municao": ".40", "quantidade_municao": 990, "situacao_armamento": "N/A", "observacao": "Descautela de munição realizada automaticamente.", "armeiro": 1, "armeiro_descautela": null, "data_descautelamento": "2024-11-02", "hora_descautelamento": "08:42:50.720"}}, {"model": "cautelaarmamento.registrodescautelamento", "pk": 14, "fields": {"data_hora_cautela": "2024-11-02T11:45:03.964Z", "policial": 2, "tipo_servico": "administrativo", "categoria_armamento": null, "subcategoria_armamento": null, "categoria_municao": "REAL", "subcategoria_municao": ".40", "quantidade_municao": 50, "situacao_armamento": "N/A", "observacao": "Descautela de munição realizada automaticamente.", "armeiro": 1, "armeiro_descautela": null, "data_descautelamento": "2024-11-02", "hora_descautelamento": "08:45:03.992"}}, {"model": "cautelaarmamento.registrodescautelamento", "pk": 15, "fields": {"data_hora_cautela": "2024-11-02T11:50:39.255Z", "policial": 2, "tipo_servico": "operacional", "categoria_armamento": null, "subcategoria_armamento": null, "categoria_municao": "REAL", "subcategoria_municao": ".40", "quantidade_municao": 50, "situacao_armamento": "N/A", "observacao": "Descautela de munição realizada automaticamente.", "armeiro": 1, "armeiro_descautela": null, "data_descautelamento": "2024-11-02", "hora_descautelamento": "08:50:39.283"}}, {"model": "cautelaarmamento.descautelasca", "pk": 1, "fields": {"data_hora_cautela": "2024-10-24T12:28:14.548Z", "policial": "SARA PESSOA MENDES - CB PM 411/05 SARA", "tipo_servico": "administrativo", "categoria_armamento": "PISTOLA", "subcategoria_armamento": "FIAT UNO NIE4932 24HS 7,62 - Nº: AKA00731", "categoria_municao": "Categoria Padrão", "subcategoria_municao": "Subcategoria Padrão", "quantidade_municao": 0, "situacao_armamento": "disponivel", "observacao": "", "observacoes": null, "armeiro": "mendes", "armeiro_descautela": "mendes", "data_descautelamento": "2024-10-24", "hora_descautelamento": "13:00:00.012"}}, {"model": "cautelaarmamento.descautelasca", "pk": 2, "fields": {"data_hora_cautela": "2024-11-02T08:52:35.423Z", "policial": "ERIVAN ALVES MENDES JUNIOR - SGT PM 543/07 MENDES", "tipo_servico": "operacional", "categoria_armamento": "PISTOLA", "subcategoria_armamento": "TAURUS PT100  PISTOLA .40 - Nº: SAY19124", "categoria_municao": "Categoria Padrão", "subcategoria_municao": "Subcategoria Padrão", "quantidade_municao": 0, "situacao_armamento": "roubado", "observacao": "FOI INFORMADO QUE O ARMAMENTO ACIMA FOI ROUBADO", "observacoes": null, "armeiro": "mendes", "armeiro_descautela": "mendes", "data_descautelamento": "2024-11-02", "hora_descautelamento": "08:53:18.659"}}, {"model": "cautelaarmamento.descautelasca", "pk": 3, "fields": {"data_hora_cautela": "2024-11-02T08:52:35.428Z", "policial": "ERIVAN ALVES MENDES JUNIOR - SGT PM 543/07 MENDES", "tipo_servico": "operacional", "categoria_armamento": null, "subcategoria_armamento": null, "categoria_municao": "REAL", "subcategoria_municao": ".40", "quantidade_municao": 10, "situacao_armamento": "disparado", "observacao": "", "observacoes": "HOUVE O DISPARO DA QUANTIDADE DE MUNIÇÕES ACIMA", "armeiro": "mendes", "armeiro_descautela": "mendes", "data_descautelamento": "2024-11-02", "hora_descautelamento": "08:53:47.214"}}, {"model": "cautelaarmamento.passagemdeservico", "pk": 1, "fields": {"registro_cautela_id": 0, "data_inicio": "2024-10-23T00:00:00Z", "data_fim": "2024-10-24", "usuario": 1, "nome_substituto": "mendes", "observacoes": "ssssssssssss"}}, {"model": "cautelaarmamento.passagemdeservico", "pk": 2, "fields": {"registro_cautela_id": 0, "data_inicio": "2024-10-25T00:00:00Z", "data_fim": "2024-10-26", "usuario": 1, "nome_substituto": "samuel", "observacoes": "rrrrrrrrrr"}}, {"model": "cautelaarmamento.passagemdeservico", "pk": 3, "fields": {"registro_cautela_id": 0, "data_inicio": "2024-10-24T00:00:00Z", "data_fim": "2024-10-25", "usuario": 1, "nome_substituto": "mendes", "observacoes": "aaaaaaaaa"}}, {"model": "cautelaarmamento.passagemdeservico", "pk": 4, "fields": {"registro_cautela_id": 0, "data_inicio": "2024-10-23T00:00:00Z", "data_fim": "2024-10-25", "usuario": 1, "nome_substituto": "samuel", "observacoes": "wwwwwwwww"}}, {"model": "cautelaarmamento.passagemdeservico", "pk": 5, "fields": {"registro_cautela_id": 0, "data_inicio": "2024-10-23T00:00:00Z", "data_fim": "2024-10-24", "usuario": 1, "nome_substituto": "mendes", "observacoes": "FFFFFFFF"}}, {"model": "cautelaarmamento.passagemdeservico", "pk": 6, "fields": {"registro_cautela_id": 0, "data_inicio": "2024-10-23T00:00:00Z", "data_fim": "2024-10-24", "usuario": 1, "nome_substituto": "mendes", "observacoes": "WWWWWWW"}}, {"model": "cautelaarmamento.passagemdeservico", "pk": 7, "fields": {"registro_cautela_id": 0, "data_inicio": "2024-10-21T00:00:00Z", "data_fim": "2024-10-25", "usuario": 1, "nome_substituto": "samuel", "observacoes": "AAAAAAAA"}}, {"model": "cautelaarmamento.passagemdeservico", "pk": 8, "fields": {"registro_cautela_id": 0, "data_inicio": "2024-10-21T00:00:00Z", "data_fim": "2024-10-25", "usuario": 1, "nome_substituto": "samuel", "observacoes": "AAAAAAAA"}}, {"model": "cautelaarmamento.passagemdeservico", "pk": 9, "fields": {"registro_cautela_id": 0, "data_inicio": "2024-10-01T00:00:00Z", "data_fim": "2024-10-02", "usuario": 1, "nome_substituto": "mendes", "observacoes": "QQQQQQQQ"}}, {"model": "cautelaarmamento.passagemdeservico", "pk": 10, "fields": {"registro_cautela_id": 0, "data_inicio": "2024-10-01T00:00:00Z", "data_fim": "2024-10-31", "usuario": 1, "nome_substituto": "mendes", "observacoes": "QQQQQQQQQQ"}}, {"model": "cautelaarmamento.passagemdeservico", "pk": 11, "fields": {"registro_cautela_id": 0, "data_inicio": "2024-10-23T00:00:00Z", "data_fim": "2024-10-24", "usuario": 1, "nome_substituto": "samuel", "observacoes": ""}}, {"model": "cautelaarmamento.passagemdeservico", "pk": 12, "fields": {"registro_cautela_id": 0, "data_inicio": "2024-10-23T00:00:00Z", "data_fim": "2024-10-24", "usuario": 2, "nome_substituto": "samuel", "observacoes": "BBBBBBBBBBBB"}}, {"model": "cautelaarmamento.passagemdeservico", "pk": 13, "fields": {"registro_cautela_id": 0, "data_inicio": "2024-10-01T00:00:00Z", "data_fim": "2024-10-24", "usuario": 2, "nome_substituto": "mendes", "observacoes": "SSSSSSSSSS"}}, {"model": "cautelaarmamento.passagemdeservico", "pk": 14, "fields": {"registro_cautela_id": 0, "data_inicio": "2024-10-01T00:00:00Z", "data_fim": "2024-10-24", "usuario": 2, "nome_substituto": "mendes", "observacoes": "OOOOOOOOO"}}, {"model": "cautelaarmamento.passagemdeservico", "pk": 15, "fields": {"registro_cautela_id": 0, "data_inicio": "2024-10-24T00:00:00Z", "data_fim": "2024-10-25", "usuario": 2, "nome_substituto": "samuel", "observacoes": "VVVVVV"}}, {"model": "cautelaarmamento.passagemdeservico", "pk": 16, "fields": {"registro_cautela_id": 0, "data_inicio": "2024-10-22T00:00:00Z", "data_fim": "2024-10-25", "usuario": 2, "nome_substituto": "samuel", "observacoes": "AAAAAAAAAAA"}}, {"model": "cautelaarmamento.passagemdeservico", "pk": 17, "fields": {"registro_cautela_id": 0, "data_inicio": "2024-10-23T00:00:00Z", "data_fim": "2024-10-25", "usuario": 2, "nome_substituto": "mendes", "observacoes": "wwwwwwwww"}}, {"model": "cautelaarmamento.passagemdeservico", "pk": 18, "fields": {"registro_cautela_id": 0, "data_inicio": "2024-10-23T00:00:00Z", "data_fim": "2024-10-25", "usuario": 1, "nome_substituto": "samuel", "observacoes": "aaaaaaaaaaa"}}, {"model": "cautelaarmamento.passagemdeservico", "pk": 19, "fields": {"registro_cautela_id": 0, "data_inicio": "2024-10-25T00:00:00Z", "data_fim": "2024-10-25", "usuario": 1, "nome_substituto": "samuel", "observacoes": ""}}, {"model": "cautelaarmamento.passagemdeservico", "pk": 20, "fields": {"registro_cautela_id": 0, "data_inicio": "2024-10-24T00:00:00Z", "data_fim": "2024-10-25", "usuario": 1, "nome_substituto": "mendes", "observacoes": "aaaaaaa"}}, {"model": "cautelaarmamento.passagemdeservico", "pk": 21, "fields": {"registro_cautela_id": 0, "data_inicio": "2024-10-24T00:00:00Z", "data_fim": "2024-10-25", "usuario": 1, "nome_substituto": "mendes", "observacoes": "vvvvvvvvv"}}, {"model": "cautelaarmamento.passagemdeservico", "pk": 22, "fields": {"registro_cautela_id": 0, "data_inicio": "2024-10-31T00:00:00Z", "data_fim": "2024-10-25", "usuario": 1, "nome_substituto": "samuel", "observacoes": "DDDDDD"}}, {"model": "cautelaarmamento.passagemdeservico", "pk": 23, "fields": {"registro_cautela_id": 0, "data_inicio": "2024-10-25T00:00:00Z", "data_fim": "2024-10-25", "usuario": 1, "nome_substituto": "mendes", "observacoes": "qqqqqqqqqq"}}, {"model": "cautelaarmamento.passagemdeservico", "pk": 24, "fields": {"registro_cautela_id": 0, "data_inicio": "2024-10-21T00:00:00Z", "data_fim": "2024-10-25", "usuario": 1, "nome_substituto": "samuel", "observacoes": ""}}, {"model": "cautelaarmamento.passagemdeservico", "pk": 25, "fields": {"registro_cautela_id": 0, "data_inicio": "2024-10-25T00:00:00Z", "data_fim": "2024-10-25", "usuario": 1, "nome_substituto": "mendes", "observacoes": "wwwwwwwww"}}, {"model": "cautelaarmamento.passagemdeservico", "pk": 26, "fields": {"registro_cautela_id": 0, "data_inicio": "2024-10-22T00:00:00Z", "data_fim": "2024-10-25", "usuario": 1, "nome_substituto": "mendes", "observacoes": "aaaaaaaa"}}, {"model": "cautelaarmamento.passagemdeservico", "pk": 27, "fields": {"registro_cautela_id": 0, "data_inicio": "2024-10-22T00:00:00Z", "data_fim": "2024-10-25", "usuario": 1, "nome_substituto": "mendes", "observacoes": ""}}, {"model": "cautelaarmamento.passagemdeservico", "pk": 28, "fields": {"registro_cautela_id": 0, "data_inicio": "2024-10-24T00:00:00Z", "data_fim": "2024-10-25", "usuario": 1, "nome_substituto": "mendes", "observacoes": "aaaaaaaaa"}}, {"model": "cautelaarmamento.passagemdeservico", "pk": 29, "fields": {"registro_cautela_id": 0, "data_inicio": "2024-10-24T00:00:00Z", "data_fim": "2024-10-25", "usuario": 1, "nome_substituto": "samuel", "observacoes": "qqqqq"}}, {"model": "cautelaarmamento.passagemdeservico", "pk": 30, "fields": {"registro_cautela_id": 0, "data_inicio": "2024-10-24T00:00:00Z", "data_fim": "2024-10-25", "usuario": 1, "nome_substituto": "samuel", "observacoes": "qqqqqqqqq"}}, {"model": "cautelaarmamento.passagemdeservico", "pk": 31, "fields": {"registro_cautela_id": 0, "data_inicio": "2024-10-20T00:00:00Z", "data_fim": "2024-10-26", "usuario": 1, "nome_substituto": "samuel", "observacoes": "aaaaaaaaa"}}, {"model": "cautelaarmamento.passagemdeservico", "pk": 32, "fields": {"registro_cautela_id": 0, "data_inicio": "2024-10-26T00:00:00Z", "data_fim": "2024-10-26", "usuario": 1, "nome_substituto": "samuel", "observacoes": "ffffffffff"}}, {"model": "cautelaarmamento.passagemdeservico", "pk": 33, "fields": {"registro_cautela_id": 0, "data_inicio": "2024-10-26T00:00:00Z", "data_fim": "2024-10-27", "usuario": 1, "nome_substituto": "mendes", "observacoes": "rrrrrrrrrr"}}, {"model": "cautelaarmamento.passagemdeservico", "pk": 34, "fields": {"registro_cautela_id": 0, "data_inicio": "2024-10-21T00:00:00Z", "data_fim": "2024-10-27", "usuario": 1, "nome_substituto": "mendes", "observacoes": "qqqqqqqqqq"}}, {"model": "cautelaarmamento.passagemdeservico", "pk": 35, "fields": {"registro_cautela_id": 0, "data_inicio": "2024-10-28T00:00:00Z", "data_fim": "2024-10-27", "usuario": 1, "nome_substituto": "samuel", "observacoes": "qqqqqqqqqq"}}, {"model": "cautelaarmamento.passagemdeservico", "pk": 36, "fields": {"registro_cautela_id": 0, "data_inicio": "2024-10-27T00:00:00Z", "data_fim": "2024-10-27", "usuario": 1, "nome_substituto": "samuel", "observacoes": "EEEEEEEEEE"}}, {"model": "cautelaarmamento.passagemdeservico", "pk": 37, "fields": {"registro_cautela_id": 0, "data_inicio": "2024-10-27T00:00:00Z", "data_fim": "2024-10-27", "usuario": 1, "nome_substituto": "samuel", "observacoes": "QQQQQQQQQ"}}, {"model": "cautelaarmamento.passagemdeservico", "pk": 38, "fields": {"registro_cautela_id": 0, "data_inicio": "2024-10-27T00:00:00Z", "data_fim": "2024-10-27", "usuario": 1, "nome_substituto": "samuel", "observacoes": "DDDDDDDDDDD"}}, {"model": "cautelaarmamento.passagemdeservico", "pk": 39, "fields": {"registro_cautela_id": 0, "data_inicio": "2024-10-28T00:00:00Z", "data_fim": "2024-10-27", "usuario": 1, "nome_substituto": "samuel", "observacoes": "QQQQQQQQ"}}, {"model": "cautelaarmamento.passagemdeservico", "pk": 40, "fields": {"registro_cautela_id": 0, "data_inicio": "2024-10-28T00:00:00Z", "data_fim": "2024-10-27", "usuario": 1, "nome_substituto": "samuel", "observacoes": "QQQQQQQQQ"}}, {"model": "cautelaarmamento.passagemdeservico", "pk": 41, "fields": {"registro_cautela_id": 0, "data_inicio": "2024-10-28T00:00:00Z", "data_fim": "2024-10-27", "usuario": 1, "nome_substituto": "samuel", "observacoes": "qqqqqqqqqq"}}, {"model": "cautelaarmamento.passagemdeservico", "pk": 42, "fields": {"registro_cautela_id": 0, "data_inicio": "2024-10-27T00:00:00Z", "data_fim": "2024-10-27", "usuario": 1, "nome_substituto": "samuel", "observacoes": "eeeeeeeeeee"}}, {"model": "cautelaarmamento.passagemdeservico", "pk": 43, "fields": {"registro_cautela_id": 0, "data_inicio": "2024-10-27T00:00:00Z", "data_fim": "2024-10-27", "usuario": 1, "nome_substituto": "samuel", "observacoes": "qqqqqqqqq"}}, {"model": "cautelaarmamento.passagemdeservico", "pk": 44, "fields": {"registro_cautela_id": 0, "data_inicio": "2024-10-20T00:00:00Z", "data_fim": "2024-10-27", "usuario": 1, "nome_substituto": "samuel", "observacoes": "qqqqqqqqqq"}}, {"model": "cautelaarmamento.passagemdeservico", "pk": 45, "fields": {"registro_cautela_id": 0, "data_inicio": "2024-10-20T00:00:00Z", "data_fim": "2024-10-27", "usuario": 1, "nome_substituto": "mendes", "observacoes": "qqqqqqqqq"}}, {"model": "cautelaarmamento.passagemdeservico", "pk": 46, "fields": {"registro_cautela_id": 0, "data_inicio": "2024-10-28T00:00:00Z", "data_fim": "2024-10-27", "usuario": 1, "nome_substituto": "samuel", "observacoes": "qqqqqqqqqq"}}, {"model": "cautelaarmamento.passagemdeservico", "pk": 47, "fields": {"registro_cautela_id": 0, "data_inicio": "2024-10-15T00:00:00Z", "data_fim": "2024-10-27", "usuario": 1, "nome_substituto": "samuel", "observacoes": "qqqqqq"}}, {"model": "cautelaarmamento.passagemdeservico", "pk": 48, "fields": {"registro_cautela_id": 0, "data_inicio": "2024-10-16T00:00:00Z", "data_fim": "2024-10-27", "usuario": 1, "nome_substituto": "samuel", "observacoes": "wwwwwwwww"}}, {"model": "cautelaarmamento.passagemdeservico", "pk": 49, "fields": {"registro_cautela_id": 0, "data_inicio": "2024-10-27T00:00:00Z", "data_fim": "2024-10-27", "usuario": 1, "nome_substituto": "samuel", "observacoes": "aaaaaaaaaa"}}, {"model": "cautelaarmamento.passagemdeservico", "pk": 50, "fields": {"registro_cautela_id": 0, "data_inicio": "2024-10-28T00:00:00Z", "data_fim": "2024-10-28", "usuario": 1, "nome_substituto": "mendes", "observacoes": "aaaaaaaa"}}, {"model": "cautelaarmamento.passagemdeservico", "pk": 51, "fields": {"registro_cautela_id": 0, "data_inicio": "2024-10-28T00:00:00Z", "data_fim": "2024-10-28", "usuario": 1, "nome_substituto": "samuel", "observacoes": "qqqqqqqqqq"}}, {"model": "cautelaarmamento.passagemdeservico", "pk": 52, "fields": {"registro_cautela_id": 0, "data_inicio": "2024-10-27T00:00:00Z", "data_fim": "2024-10-28", "usuario": 1, "nome_substituto": "samuel", "observacoes": "qqqqqqqqq"}}, {"model": "cautelaarmamento.passagemdeservico", "pk": 53, "fields": {"registro_cautela_id": 0, "data_inicio": "2024-10-26T00:00:00Z", "data_fim": "2024-10-28", "usuario": 1, "nome_substituto": "samuel", "observacoes": "aaaaaaaaa"}}, {"model": "cautelaarmamento.passagemdeservico", "pk": 54, "fields": {"registro_cautela_id": 0, "data_inicio": "2024-10-06T00:00:00Z", "data_fim": "2024-10-28", "usuario": 1, "nome_substituto": "samuel", "observacoes": "qqqqqqq"}}, {"model": "cautelaarmamento.passagemdeservico", "pk": 55, "fields": {"registro_cautela_id": 0, "data_inicio": "2024-10-22T00:00:00Z", "data_fim": "2024-10-28", "usuario": 1, "nome_substituto": "samuel", "observacoes": "AAAAAAAA"}}, {"model": "cautelaarmamento.passagemdeservico", "pk": 56, "fields": {"registro_cautela_id": 0, "data_inicio": "2024-10-28T00:00:00Z", "data_fim": "2024-10-28", "usuario": 1, "nome_substituto": "samuel", "observacoes": "AAAAAAA"}}, {"model": "cautelaarmamento.passagemdeservico", "pk": 57, "fields": {"registro_cautela_id": 0, "data_inicio": "2024-10-28T00:00:00Z", "data_fim": "2024-10-28", "usuario": 1, "nome_substituto": "samuel", "observacoes": "AAAAAAAA"}}, {"model": "cautelaarmamento.passagemdeservico", "pk": 58, "fields": {"registro_cautela_id": 0, "data_inicio": "2024-10-28T00:00:00Z", "data_fim": "2024-10-28", "usuario": 1, "nome_substituto": "samuel", "observacoes": "aaaaaaaaa"}}, {"model": "cautelaarmamento.passagemdeservico", "pk": 59, "fields": {"registro_cautela_id": 0, "data_inicio": "2024-10-28T00:00:00Z", "data_fim": "2024-10-28", "usuario": 1, "nome_substituto": "samuel", "observacoes": "aaaaaaaaaaa"}}, {"model": "cautelaarmamento.passagemdeservico", "pk": 60, "fields": {"registro_cautela_id": 0, "data_inicio": "2024-10-28T00:00:00Z", "data_fim": "2024-10-28", "usuario": 1, "nome_substituto": "samuel", "observacoes": "aaaaaaaa"}}, {"model": "cautelaarmamento.passagemdeservico", "pk": 61, "fields": {"registro_cautela_id": 0, "data_inicio": "2024-10-15T00:00:00Z", "data_fim": "2024-10-28", "usuario": 1, "nome_substituto": "samuel", "observacoes": "QQQQQQQQQQ"}}, {"model": "cautelaarmamento.passagemdeservico", "pk": 62, "fields": {"registro_cautela_id": 0, "data_inicio": "2024-10-13T00:00:00Z", "data_fim": "2024-10-28", "usuario": 1, "nome_substituto": "samuel", "observacoes": "QQQQQQQQQQ"}}, {"model": "cautelaarmamento.passagemdeservico", "pk": 63, "fields": {"registro_cautela_id": 0, "data_inicio": "2024-10-21T00:00:00Z", "data_fim": "2024-10-28", "usuario": 1, "nome_substituto": "samuel", "observacoes": "LLL"}}, {"model": "cautelaarmamento.passagemdeservico", "pk": 64, "fields": {"registro_cautela_id": 0, "data_inicio": "2024-10-15T00:00:00Z", "data_fim": "2024-10-28", "usuario": 1, "nome_substituto": "samuel", "observacoes": "aaaaaaaaaa"}}, {"model": "cautelaarmamento.passagemdeservico", "pk": 65, "fields": {"registro_cautela_id": 0, "data_inicio": "2024-10-28T00:00:00Z", "data_fim": "2024-10-28", "usuario": 1, "nome_substituto": "samuel", "observacoes": "qqqq"}}, {"model": "cautelaarmamento.passagemdeservico", "pk": 66, "fields": {"registro_cautela_id": 0, "data_inicio": "2024-10-27T00:00:00Z", "data_fim": "2024-10-28", "usuario": 1, "nome_substituto": "samuel", "observacoes": "aaaaaaaaaa"}}, {"model": "cautelaarmamento.passagemdeservico", "pk": 67, "fields": {"registro_cautela_id": 0, "data_inicio": "2024-10-25T00:00:00Z", "data_fim": "2024-10-28", "usuario": 1, "nome_substituto": "samuel", "observacoes": "aaaaaaaa"}}, {"model": "cautelaarmamento.passagemdeservico", "pk": 68, "fields": {"registro_cautela_id": 0, "data_inicio": "2024-10-27T00:00:00Z", "data_fim": "2024-10-28", "usuario": 1, "nome_substituto": "samuel", "observacoes": "sssssssss"}}, {"model": "cautelaarmamento.passagemdeservico", "pk": 69, "fields": {"registro_cautela_id": 0, "data_inicio": "2024-10-27T00:00:00Z", "data_fim": "2024-10-28", "usuario": 1, "nome_substituto": "samuel", "observacoes": "aaa"}}, {"model": "cautelaarmamento.passagemdeservico", "pk": 70, "fields": {"registro_cautela_id": 0, "data_inicio": "2024-10-27T00:00:00Z", "data_fim": "2024-10-28", "usuario": 1, "nome_substituto": "samuel", "observacoes": "aaaaa"}}, {"model": "cautelaarmamento.passagemdeservico", "pk": 71, "fields": {"registro_cautela_id": 0, "data_inicio": "2024-10-27T00:00:00Z", "data_fim": "2024-10-28", "usuario": 1, "nome_substituto": "samuel", "observacoes": "aaaaaaaa"}}, {"model": "cautelaarmamento.passagemdeservico", "pk": 72, "fields": {"registro_cautela_id": 0, "data_inicio": "2024-10-27T00:00:00Z", "data_fim": "2024-10-28", "usuario": 1, "nome_substituto": "samuel", "observacoes": "aaaaaaa"}}, {"model": "cautelaarmamento.passagemdeservico", "pk": 73, "fields": {"registro_cautela_id": 0, "data_inicio": "2024-10-27T00:00:00Z", "data_fim": "2024-10-28", "usuario": 1, "nome_substituto": "samuel", "observacoes": "aaaaaaa"}}, {"model": "cautelaarmamento.passagemdeservico", "pk": 74, "fields": {"registro_cautela_id": 0, "data_inicio": "2024-10-27T00:00:00Z", "data_fim": "2024-10-28", "usuario": 1, "nome_substituto": "samuel", "observacoes": "qqqqqqq"}}, {"model": "cautelaarmamento.passagemdeservico", "pk": 75, "fields": {"registro_cautela_id": 0, "data_inicio": "2024-10-27T00:00:00Z", "data_fim": "2024-10-28", "usuario": 1, "nome_substituto": "mendes", "observacoes": "AAAAAAAA"}}, {"model": "cautelaarmamento.passagemdeservico", "pk": 76, "fields": {"registro_cautela_id": 0, "data_inicio": "2024-10-27T00:00:00Z", "data_fim": "2024-10-28", "usuario": 1, "nome_substituto": "samuel", "observacoes": "11"}}, {"model": "cautelaarmamento.passagemdeservico", "pk": 77, "fields": {"registro_cautela_id": 0, "data_inicio": "2024-10-27T00:00:00Z", "data_fim": "2024-10-28", "usuario": 1, "nome_substituto": "samuel", "observacoes": "AAAAAAA"}}, {"model": "cautelaarmamento.passagemdeservico", "pk": 78, "fields": {"registro_cautela_id": 0, "data_inicio": "2024-10-13T00:00:00Z", "data_fim": "2024-10-28", "usuario": 1, "nome_substituto": "samuel", "observacoes": "QQQQQQQ"}}, {"model": "cautelaarmamento.passagemdeservico", "pk": 79, "fields": {"registro_cautela_id": 0, "data_inicio": "2024-10-13T00:00:00Z", "data_fim": "2024-10-28", "usuario": 1, "nome_substituto": "samuel", "observacoes": "AAAAA"}}, {"model": "cautelaarmamento.passagemdeservico", "pk": 80, "fields": {"registro_cautela_id": 0, "data_inicio": "2024-10-01T00:00:00Z", "data_fim": "2024-10-28", "usuario": 1, "nome_substituto": "samuel", "observacoes": "AAAAAAA"}}, {"model": "cautelaarmamento.passagemdeservico", "pk": 81, "fields": {"registro_cautela_id": 0, "data_inicio": "2024-10-13T00:00:00Z", "data_fim": "2024-10-28", "usuario": 1, "nome_substituto": "samuel", "observacoes": "AAAAAAAAAAAA"}}, {"model": "cautelaarmamento.passagemdeservico", "pk": 82, "fields": {"registro_cautela_id": 0, "data_inicio": "2024-10-06T00:00:00Z", "data_fim": "2024-10-28", "usuario": 1, "nome_substituto": "samuel", "observacoes": "AAAAAAA"}}, {"model": "cautelaarmamento.passagemdeservico", "pk": 83, "fields": {"registro_cautela_id": 0, "data_inicio": "2024-10-28T00:00:00Z", "data_fim": "2024-10-28", "usuario": 1, "nome_substituto": "samuel", "observacoes": "AAAAA"}}, {"model": "cautelaarmamento.passagemdeservico", "pk": 84, "fields": {"registro_cautela_id": 0, "data_inicio": "2024-10-14T00:00:00Z", "data_fim": "2024-10-28", "usuario": 1, "nome_substituto": "samuel", "observacoes": "AAAAAAAA"}}, {"model": "cautelaarmamento.passagemdeservico", "pk": 85, "fields": {"registro_cautela_id": 0, "data_inicio": "2024-10-06T00:00:00Z", "data_fim": "2024-10-28", "usuario": 1, "nome_substituto": "samuel", "observacoes": "aaaaaaaa"}}, {"model": "cautelaarmamento.passagemdeservico", "pk": 86, "fields": {"registro_cautela_id": 0, "data_inicio": "2024-10-06T00:00:00Z", "data_fim": "2024-10-28", "usuario": 1, "nome_substituto": "samuel", "observacoes": "qqqqqqq"}}, {"model": "cautelaarmamento.passagemdeservico", "pk": 87, "fields": {"registro_cautela_id": 0, "data_inicio": "2024-10-07T00:00:00Z", "data_fim": "2024-10-28", "usuario": 1, "nome_substituto": "samuel", "observacoes": "wwwwwww"}}, {"model": "cautelaarmamento.passagemdeservico", "pk": 88, "fields": {"registro_cautela_id": 0, "data_inicio": "2024-10-07T00:00:00Z", "data_fim": "2024-10-28", "usuario": 1, "nome_substituto": "samuel", "observacoes": "aaaaaaaaa"}}, {"model": "cautelaarmamento.passagemdeservico", "pk": 89, "fields": {"registro_cautela_id": 0, "data_inicio": "2024-10-07T00:00:00Z", "data_fim": "2024-10-28", "usuario": 1, "nome_substituto": "samuel", "observacoes": "aaaaaaaa"}}, {"model": "cautelaarmamento.passagemdeservico", "pk": 90, "fields": {"registro_cautela_id": 0, "data_inicio": "2024-10-06T00:00:00Z", "data_fim": "2024-10-28", "usuario": 1, "nome_substituto": "samuel", "observacoes": "qqqqqqq"}}, {"model": "cautelaarmamento.passagemdeservico", "pk": 91, "fields": {"registro_cautela_id": 0, "data_inicio": "2024-10-01T00:00:00Z", "data_fim": "2024-10-28", "usuario": 1, "nome_substituto": "samuel", "observacoes": "qqqqqqqqq"}}, {"model": "cautelaarmamento.passagemdeservico", "pk": 92, "fields": {"registro_cautela_id": 0, "data_inicio": "2024-10-01T00:00:00Z", "data_fim": "2024-10-28", "usuario": 1, "nome_substituto": "samuel", "observacoes": "qqqqqqqq"}}, {"model": "cautelaarmamento.passagemdeservico", "pk": 93, "fields": {"registro_cautela_id": 0, "data_inicio": "2024-10-06T00:00:00Z", "data_fim": "2024-10-28", "usuario": 1, "nome_substituto": "samuel", "observacoes": "gggggggg"}}, {"model": "cautelaarmamento.passagemdeservico", "pk": 94, "fields": {"registro_cautela_id": 0, "data_inicio": "2024-10-01T00:00:00Z", "data_fim": "2024-10-28", "usuario": 1, "nome_substituto": "samuel", "observacoes": "aaaaaaa"}}, {"model": "cautelaarmamento.passagemdeservico", "pk": 95, "fields": {"registro_cautela_id": 0, "data_inicio": "2024-10-01T00:00:00Z", "data_fim": "2024-10-28", "usuario": 1, "nome_substituto": "samuel", "observacoes": "aaaaaaa"}}, {"model": "cautelaarmamento.passagemdeservico", "pk": 96, "fields": {"registro_cautela_id": 0, "data_inicio": "2024-10-01T00:00:00Z", "data_fim": "2024-10-28", "usuario": 1, "nome_substituto": "samuel", "observacoes": "aaaaaa"}}, {"model": "cautelaarmamento.passagemdeservico", "pk": 97, "fields": {"registro_cautela_id": 0, "data_inicio": "2024-10-01T00:00:00Z", "data_fim": "2024-10-28", "usuario": 1, "nome_substituto": "samuel", "observacoes": "qqqq"}}, {"model": "cautelaarmamento.passagemdeservico", "pk": 98, "fields": {"registro_cautela_id": 0, "data_inicio": "2024-10-01T00:00:00Z", "data_fim": "2024-10-28", "usuario": 1, "nome_substituto": "samuel", "observacoes": "qqqqqq"}}, {"model": "cautelaarmamento.passagemdeservico", "pk": 99, "fields": {"registro_cautela_id": 0, "data_inicio": "2024-10-01T00:00:00Z", "data_fim": "2024-10-28", "usuario": 1, "nome_substituto": "samuel", "observacoes": "AAAAAAAAAA"}}, {"model": "cautelaarmamento.passagemdeservico", "pk": 100, "fields": {"registro_cautela_id": 0, "data_inicio": "2024-10-01T00:00:00Z", "data_fim": "2024-10-28", "usuario": 1, "nome_substituto": "samuel", "observacoes": "QQQQQQQ"}}, {"model": "cautelaarmamento.passagemdeservico", "pk": 101, "fields": {"registro_cautela_id": 0, "data_inicio": "2024-10-01T00:00:00Z", "data_fim": "2024-10-28", "usuario": 1, "nome_substituto": "samuel", "observacoes": "wwwwwwww"}}, {"model": "cautelaarmamento.passagemdeservico", "pk": 102, "fields": {"registro_cautela_id": 0, "data_inicio": "2024-10-01T00:00:00Z", "data_fim": "2024-10-28", "usuario": 1, "nome_substituto": "samuel", "observacoes": "QQQQQQQQQ"}}, {"model": "cautelaarmamento.passagemdeservico", "pk": 103, "fields": {"registro_cautela_id": 0, "data_inicio": "2024-10-01T00:00:00Z", "data_fim": "2024-10-28", "usuario": 1, "nome_substituto": "samuel", "observacoes": "AAAA"}}, {"model": "cautelaarmamento.passagemdeservico", "pk": 104, "fields": {"registro_cautela_id": 0, "data_inicio": "2024-10-01T00:00:00Z", "data_fim": "2024-10-28", "usuario": 1, "nome_substituto": "samuel", "observacoes": "AAAAAAAA"}}, {"model": "cautelaarmamento.passagemdeservico", "pk": 105, "fields": {"registro_cautela_id": 0, "data_inicio": "2024-10-01T00:00:00Z", "data_fim": "2024-10-28", "usuario": 1, "nome_substituto": "samuel", "observacoes": "AAAAAAA"}}, {"model": "cautelaarmamento.passagemdeservico", "pk": 106, "fields": {"registro_cautela_id": 0, "data_inicio": "2024-10-01T00:00:00Z", "data_fim": "2024-10-28", "usuario": 1, "nome_substituto": "samuel", "observacoes": "1111"}}, {"model": "cautelaarmamento.passagemdeservico", "pk": 107, "fields": {"registro_cautela_id": 0, "data_inicio": "2024-10-01T00:00:00Z", "data_fim": "2024-10-28", "usuario": 1, "nome_substituto": "samuel", "observacoes": "222222"}}, {"model": "cautelaarmamento.passagemdeservico", "pk": 108, "fields": {"registro_cautela_id": 0, "data_inicio": "2024-10-01T00:00:00Z", "data_fim": "2024-10-28", "usuario": 1, "nome_substituto": "samuel", "observacoes": "33333333"}}, {"model": "cautelaarmamento.passagemdeservico", "pk": 109, "fields": {"registro_cautela_id": 0, "data_inicio": "2024-10-01T00:00:00Z", "data_fim": "2024-11-01", "usuario": 1, "nome_substituto": "samuel", "observacoes": "dddddddddd"}}, {"model": "cautelaarmamento.passagemdeservico", "pk": 110, "fields": {"registro_cautela_id": 0, "data_inicio": "2024-10-01T00:00:00Z", "data_fim": "2024-11-01", "usuario": 1, "nome_substituto": "samuel", "observacoes": "aaaaaaaaa"}}, {"model": "cautelaarmamento.passagemdeservico", "pk": 111, "fields": {"registro_cautela_id": 0, "data_inicio": "2024-10-01T00:00:00Z", "data_fim": "2024-11-01", "usuario": 1, "nome_substituto": "samuel", "observacoes": "aaaaaaaa"}}, {"model": "cautelaarmamento.passagemdeservico", "pk": 112, "fields": {"registro_cautela_id": 0, "data_inicio": "2024-10-01T00:00:00Z", "data_fim": "2024-11-01", "usuario": 1, "nome_substituto": "samuel", "observacoes": "aaaaaaaaa"}}, {"model": "cautelaarmamento.passagemdeservico", "pk": 113, "fields": {"registro_cautela_id": 0, "data_inicio": "2024-09-30T00:00:00Z", "data_fim": "2024-11-01", "usuario": 1, "nome_substituto": "samuel", "observacoes": "aaaaaaa"}}, {"model": "cautelaarmamento.passagemdeservico", "pk": 114, "fields": {"registro_cautela_id": 0, "data_inicio": "2024-10-01T00:00:00Z", "data_fim": "2024-11-01", "usuario": 1, "nome_substituto": "samuel", "observacoes": "aaaaaaaaa"}}, {"model": "cautelaarmamento.passagemdeservico", "pk": 115, "fields": {"registro_cautela_id": 0, "data_inicio": "2024-10-02T00:00:00Z", "data_fim": "2024-11-01", "usuario": 1, "nome_substituto": "samuel", "observacoes": "aaaaaaaaaa"}}, {"model": "cautelaarmamento.passagemdeservico", "pk": 116, "fields": {"registro_cautela_id": 0, "data_inicio": "2024-10-01T00:00:00Z", "data_fim": "2024-11-01", "usuario": 1, "nome_substituto": "samuel", "observacoes": "AAAAAAA"}}, {"model": "cautelaarmamento.passagemdeservico", "pk": 117, "fields": {"registro_cautela_id": 0, "data_inicio": "2024-10-01T00:00:00Z", "data_fim": "2024-11-01", "usuario": 1, "nome_substituto": "samuel", "observacoes": "AAAAAAAA"}}, {"model": "cautelaarmamento.passagemdeservico", "pk": 118, "fields": {"registro_cautela_id": 0, "data_inicio": "2024-10-01T00:00:00Z", "data_fim": "2024-11-01", "usuario": 1, "nome_substituto": "samuel", "observacoes": "aaaaaaaaaaaa"}}, {"model": "cautelaarmamento.passagemdeservico", "pk": 119, "fields": {"registro_cautela_id": 0, "data_inicio": "2024-10-01T00:00:00Z", "data_fim": "2024-11-01", "usuario": 1, "nome_substituto": "samuel", "observacoes": "aaaaaaaaa"}}, {"model": "cautelaarmamento.passagemdeservico", "pk": 120, "fields": {"registro_cautela_id": 0, "data_inicio": "2024-10-01T00:00:00Z", "data_fim": "2024-11-01", "usuario": 1, "nome_substituto": "samuel", "observacoes": "q"}}, {"model": "cautelaarmamento.passagemdeservico", "pk": 121, "fields": {"registro_cautela_id": 0, "data_inicio": "2024-10-01T00:00:00Z", "data_fim": "2024-11-01", "usuario": 1, "nome_substituto": "samuel", "observacoes": "wwww"}}, {"model": "cautelaarmamento.passagemdeservico", "pk": 122, "fields": {"registro_cautela_id": 0, "data_inicio": "2024-10-01T00:00:00Z", "data_fim": "2024-11-01", "usuario": 1, "nome_substituto": "samuel", "observacoes": "1QQQQQQ"}}, {"model": "cautelaarmamento.passagemdeservico", "pk": 123, "fields": {"registro_cautela_id": 0, "data_inicio": "2024-11-01T00:00:00Z", "data_fim": "2024-11-01", "usuario": 1, "nome_substituto": "samuel", "observacoes": "QQQQQQQ"}}, {"model": "cautelaarmamento.passagemdeservico", "pk": 124, "fields": {"registro_cautela_id": 0, "data_inicio": "2024-11-01T00:00:00Z", "data_fim": "2024-11-01", "usuario": 1, "nome_substituto": "samuel", "observacoes": "111111"}}, {"model": "cautelaarmamento.passagemdeservico", "pk": 125, "fields": {"registro_cautela_id": 0, "data_inicio": "2024-10-02T00:00:00Z", "data_fim": "2024-11-02", "usuario": 1, "nome_substituto": "samuel", "observacoes": "AAAAAA"}}, {"model": "cautelaarmamento.passagemdeservico", "pk": 126, "fields": {"registro_cautela_id": 0, "data_inicio": "2024-10-01T00:00:00Z", "data_fim": "2024-11-02", "usuario": 1, "nome_substituto": "samuel", "observacoes": "AAAAAAAA"}}, {"model": "cautelaarmamento.passagemdeservico", "pk": 127, "fields": {"registro_cautela_id": 0, "data_inicio": "2024-10-01T00:00:00Z", "data_fim": "2024-11-02", "usuario": 1, "nome_substituto": "samuel", "observacoes": "AAAAAAA"}}, {"model": "cautelaarmamento.passagemdeservico", "pk": 128, "fields": {"registro_cautela_id": 0, "data_inicio": "2024-10-01T00:00:00Z", "data_fim": "2024-11-02", "usuario": 1, "nome_substituto": "samuel", "observacoes": "QQQQQQQ"}}, {"model": "cautelaarmamento.passagemdeservico", "pk": 129, "fields": {"registro_cautela_id": 0, "data_inicio": "2024-10-01T00:00:00Z", "data_fim": "2024-11-02", "usuario": 1, "nome_substituto": "samuel", "observacoes": "QQQQQQQQQ"}}, {"model": "cautelaarmamento.passagemdeservico", "pk": 130, "fields": {"registro_cautela_id": 0, "data_inicio": "2024-10-01T00:00:00Z", "data_fim": "2024-11-02", "usuario": 1, "nome_substituto": "samuel", "observacoes": "AAAAAAA"}}, {"model": "cautelaarmamento.passagemdeservico", "pk": 131, "fields": {"registro_cautela_id": 0, "data_inicio": "2024-10-01T00:00:00Z", "data_fim": "2024-11-02", "usuario": 1, "nome_substituto": "samuel", "observacoes": "KKKKKKK"}}, {"model": "cautelaarmamento.passagemdeservico", "pk": 132, "fields": {"registro_cautela_id": 0, "data_inicio": "2024-10-01T00:00:00Z", "data_fim": "2024-11-02", "usuario": 1, "nome_substituto": "samuel", "observacoes": "AAAAAAAAA"}}, {"model": "cautelaarmamento.passagemdeservico", "pk": 133, "fields": {"registro_cautela_id": 0, "data_inicio": "2024-10-01T00:00:00Z", "data_fim": "2024-11-02", "usuario": 1, "nome_substituto": "samuel", "observacoes": "AAAAAAAAAA"}}, {"model": "cautelaarmamento.passagemdeservico", "pk": 134, "fields": {"registro_cautela_id": 0, "data_inicio": "2024-10-01T00:00:00Z", "data_fim": "2024-11-02", "usuario": 1, "nome_substituto": "samuel", "observacoes": "aaaaaa"}}, {"model": "cautelaarmamento.passagemdeservico", "pk": 135, "fields": {"registro_cautela_id": 0, "data_inicio": "2024-10-01T00:00:00Z", "data_fim": "2024-11-02", "usuario": 1, "nome_substituto": "samuel", "observacoes": "aaaaaaa"}}, {"model": "cautelaarmamento.passagemdeservico", "pk": 136, "fields": {"registro_cautela_id": 0, "data_inicio": "2024-10-01T00:00:00Z", "data_fim": "2024-11-02", "usuario": 1, "nome_substituto": "samuel", "observacoes": "sssssss"}}, {"model": "cautelaarmamento.passagemdeservico", "pk": 137, "fields": {"registro_cautela_id": 0, "data_inicio": "2024-10-01T00:00:00Z", "data_fim": "2024-11-02", "usuario": 1, "nome_substituto": "samuel", "observacoes": "aaaaaaaa"}}, {"model": "cautelaarmamento.passagemdeservico", "pk": 138, "fields": {"registro_cautela_id": 0, "data_inicio": "2024-10-02T00:00:00Z", "data_fim": "2024-11-02", "usuario": 1, "nome_substituto": "samuel", "observacoes": "AAAAAAAAAA"}}, {"model": "cautelaarmamento.passagemdeservico", "pk": 139, "fields": {"registro_cautela_id": 0, "data_inicio": "2024-10-02T00:00:00Z", "data_fim": "2024-11-02", "usuario": 1, "nome_substituto": "samuel", "observacoes": "AAAAAAAA"}}, {"model": "cautelaarmamento.passagemdeservico", "pk": 140, "fields": {"registro_cautela_id": 0, "data_inicio": "2024-10-01T00:00:00Z", "data_fim": "2024-11-02", "usuario": 1, "nome_substituto": "samuel", "observacoes": "AAAAAAAA"}}, {"model": "cautelaarmamento.passagemdeservico", "pk": 141, "fields": {"registro_cautela_id": 0, "data_inicio": "2024-10-01T00:00:00Z", "data_fim": "2024-11-02", "usuario": 1, "nome_substituto": "samuel", "observacoes": "QQQQQQQQQQ"}}, {"model": "cautelaarmamento.passagemdeservico", "pk": 142, "fields": {"registro_cautela_id": 0, "data_inicio": "2024-10-01T00:00:00Z", "data_fim": "2024-11-02", "usuario": 1, "nome_substituto": "samuel", "observacoes": "AAAAAAA"}}, {"model": "cautelaarmamento.passagemdeservico", "pk": 143, "fields": {"registro_cautela_id": 0, "data_inicio": "2024-10-01T00:00:00Z", "data_fim": "2024-11-02", "usuario": 1, "nome_substituto": "samuel", "observacoes": "aaaaaaa"}}, {"model": "cautelaarmamento.passagemdeservico", "pk": 144, "fields": {"registro_cautela_id": 0, "data_inicio": "2024-10-01T00:00:00Z", "data_fim": "2024-11-02", "usuario": 1, "nome_substituto": "samuel", "observacoes": "aaaaaa"}}, {"model": "cautelaarmamento.passagemdeservico", "pk": 145, "fields": {"registro_cautela_id": 0, "data_inicio": "2024-10-01T00:00:00Z", "data_fim": "2024-11-02", "usuario": 1, "nome_substituto": "samuel", "observacoes": "aaaaaa"}}, {"model": "cautelaarmamento.passagemdeservico", "pk": 146, "fields": {"registro_cautela_id": 0, "data_inicio": "2024-10-01T00:00:00Z", "data_fim": "2024-11-02", "usuario": 1, "nome_substituto": "samuel", "observacoes": "aaaaaaa"}}, {"model": "cautelaarmamento.passagemdeservico", "pk": 147, "fields": {"registro_cautela_id": 0, "data_inicio": "2024-10-01T00:00:00Z", "data_fim": "2024-11-02", "usuario": 1, "nome_substituto": "samuel", "observacoes": "aaaaaaaaaa"}}, {"model": "cautelaarmamento.passagemdeservico", "pk": 148, "fields": {"registro_cautela_id": 0, "data_inicio": "2024-10-01T00:00:00Z", "data_fim": "2024-11-02", "usuario": 1, "nome_substituto": "samuel", "observacoes": "aaaaaaa"}}, {"model": "cautelaarmamento.passagemdeservico", "pk": 149, "fields": {"registro_cautela_id": 0, "data_inicio": "2024-10-01T00:00:00Z", "data_fim": "2024-11-02", "usuario": 1, "nome_substituto": "mendes", "observacoes": "1111"}}, {"model": "cautelaarmamento.passagemdeservico", "pk": 150, "fields": {"registro_cautela_id": 0, "data_inicio": "2024-10-01T00:00:00Z", "data_fim": "2024-11-02", "usuario": 1, "nome_substituto": "samuel", "observacoes": "qqqqq"}}, {"model": "cautelaarmamento.passagemdeservico", "pk": 151, "fields": {"registro_cautela_id": 0, "data_inicio": "2024-10-01T00:00:00Z", "data_fim": "2024-11-02", "usuario": 1, "nome_substituto": "samuel", "observacoes": "qqqqqqqq"}}, {"model": "cautelaarmamento.passagemdeservico", "pk": 152, "fields": {"registro_cautela_id": 0, "data_inicio": "2024-10-01T00:00:00Z", "data_fim": "2024-11-02", "usuario": 1, "nome_substituto": "samuel", "observacoes": "AAAAAAA"}}, {"model": "cautelaarmamento.passagemdeservico", "pk": 153, "fields": {"registro_cautela_id": 0, "data_inicio": "2024-10-01T00:00:00Z", "data_fim": "2024-11-02", "usuario": 1, "nome_substituto": "samuel", "observacoes": "aaaaaaaa"}}, {"model": "cautelaarmamento.passagemdeservico", "pk": 154, "fields": {"registro_cautela_id": 0, "data_inicio": "2024-10-01T00:00:00Z", "data_fim": "2024-11-02", "usuario": 1, "nome_substituto": "samuel", "observacoes": "AAAAAAAAA"}}, {"model": "cautelaarmamento.passagemdeservico", "pk": 155, "fields": {"registro_cautela_id": 0, "data_inicio": "2024-11-02T00:00:00Z", "data_fim": "2024-11-02", "usuario": 1, "nome_substituto": "samuel", "observacoes": "AAAAAA"}}, {"model": "cautelaarmamento.passagemdeservico", "pk": 156, "fields": {"registro_cautela_id": 0, "data_inicio": "2024-10-01T00:00:00Z", "data_fim": "2024-11-02", "usuario": 1, "nome_substituto": "samuel", "observacoes": "AA"}}, {"model": "cautelaarmamento.passagemdeservico", "pk": 157, "fields": {"registro_cautela_id": 0, "data_inicio": "2024-11-01T00:00:00Z", "data_fim": "2024-11-02", "usuario": 1, "nome_substituto": "samuel", "observacoes": "QAAAAAAA"}}, {"model": "cautelaarmamento.passagemdeservico", "pk": 158, "fields": {"registro_cautela_id": 0, "data_inicio": "2024-11-01T00:00:00Z", "data_fim": "2024-11-02", "usuario": 1, "nome_substituto": "samuel", "observacoes": "aaaa"}}, {"model": "cautelaarmamento.passagemdeservico", "pk": 159, "fields": {"registro_cautela_id": 0, "data_inicio": "2024-10-01T00:00:00Z", "data_fim": "2024-11-05", "usuario": 1, "nome_substituto": "samuel", "observacoes": "aaaaaa"}}, {"model": "cautelaarmamento.passagemdeservico", "pk": 160, "fields": {"registro_cautela_id": 0, "data_inicio": "2024-10-01T03:00:00Z", "data_fim": "2024-11-11", "usuario": 1, "nome_substituto": "samuel", "observacoes": "aaaaaaaaa"}}, {"model": "cautelaarmamento.passagemdeservico", "pk": 161, "fields": {"registro_cautela_id": 0, "data_inicio": "2024-10-01T03:00:00Z", "data_fim": "2024-11-11", "usuario": 1, "nome_substituto": "samuel", "observacoes": "aaaaaaaaa"}}, {"model": "cautelaarmamento.passagemdeservico", "pk": 162, "fields": {"registro_cautela_id": 0, "data_inicio": "2024-10-01T03:00:00Z", "data_fim": "2024-11-11", "usuario": 1, "nome_substituto": "samuel", "observacoes": "AAAAAAAAAA"}}, {"model": "cautelaarmamento.passagemdeservico", "pk": 163, "fields": {"registro_cautela_id": 0, "data_inicio": "2024-10-01T03:00:00Z", "data_fim": "2024-11-11", "usuario": 1, "nome_substituto": "samuel", "observacoes": "\r\nHHHHHHHH"}}, {"model": "cautelaarmamento.passagemdeservico", "pk": 164, "fields": {"registro_cautela_id": 0, "data_inicio": "2024-10-01T03:00:00Z", "data_fim": "2024-11-11", "usuario": 1, "nome_substituto": "samuel", "observacoes": "AAAAA"}}, {"model": "cautelaarmamento.passagemdeservico", "pk": 165, "fields": {"registro_cautela_id": 0, "data_inicio": "2024-09-03T03:00:00Z", "data_fim": "2024-11-11", "usuario": 1, "nome_substituto": "samuel", "observacoes": "AAAAAAA"}}, {"model": "cautelaarmamento.passagemdeservico", "pk": 166, "fields": {"registro_cautela_id": 0, "data_inicio": "2024-10-01T03:00:00Z", "data_fim": "2024-11-11", "usuario": 1, "nome_substituto": "samuel", "observacoes": "AAAAAAAAAA"}}, {"model": "cautelaarmamento.passagemdeservico", "pk": 167, "fields": {"registro_cautela_id": 0, "data_inicio": "2024-10-01T03:00:00Z", "data_fim": "2024-11-11", "usuario": 1, "nome_substituto": "samuel", "observacoes": "AAAAAAAAAA"}}, {"model": "cautelaarmamento.passagemdeservico", "pk": 168, "fields": {"registro_cautela_id": 0, "data_inicio": "2024-10-01T03:00:00Z", "data_fim": "2024-11-11", "usuario": 1, "nome_substituto": "samuel", "observacoes": "AAAAAAAA"}}, {"model": "cautelaarmamento.passagemdeservico", "pk": 169, "fields": {"registro_cautela_id": 0, "data_inicio": "2024-10-01T03:00:00Z", "data_fim": "2024-11-11", "usuario": 1, "nome_substituto": "samuel", "observacoes": "AAAAAA"}}, {"model": "cautelaarmamento.passagemdeservico", "pk": 170, "fields": {"registro_cautela_id": 0, "data_inicio": "2024-10-01T03:00:00Z", "data_fim": "2024-11-11", "usuario": 1, "nome_substituto": "samuel", "observacoes": "AAAAAAAA"}}, {"model": "cautelaarmamento.passagemdeservico", "pk": 171, "fields": {"registro_cautela_id": 0, "data_inicio": "2024-10-01T03:00:00Z", "data_fim": "2024-11-11", "usuario": 1, "nome_substituto": "samuel", "observacoes": "TGGGGG"}}, {"model": "cautelaarmamento.passagemdeservico", "pk": 172, "fields": {"registro_cautela_id": 0, "data_inicio": "2024-10-01T03:00:00Z", "data_fim": "2024-11-11", "usuario": 1, "nome_substituto": "samuel", "observacoes": "JJJJJJJJJJ"}}, {"model": "cautelaarmamento.passagemdeservico", "pk": 173, "fields": {"registro_cautela_id": 0, "data_inicio": "2024-10-01T03:00:00Z", "data_fim": "2024-11-12", "usuario": 1, "nome_substituto": "samuel", "observacoes": "aaaaaaaa"}}, {"model": "cautelaarmamento.passagemdeservico", "pk": 174, "fields": {"registro_cautela_id": 0, "data_inicio": "2024-10-01T03:00:00Z", "data_fim": "2024-11-12", "usuario": 1, "nome_substituto": "samuel", "observacoes": "aaaaaaaaaa"}}, {"model": "cautelaarmamento.passagemdeservico", "pk": 175, "fields": {"registro_cautela_id": 0, "data_inicio": "2024-10-01T03:00:00Z", "data_fim": "2024-11-12", "usuario": 1, "nome_substituto": "samuel", "observacoes": "aaaaaaaaaa"}}]